phage,motif,position,strand
CS16,GATCAG,1862,+
CS16,GATCAG,12757,+
CS16,GATCAG,28959,+
CS16,GATCAG,34715,+
CS16,GATCAG,40681,+
CS16,GATCAG,41608,+
CS16,GATCAG,42268,+
CS16,GATCAG,7992,-
CS16,GATCAG,16984,-
CS16,GATCAG,27024,-
CS16,GATCAG,38135,-
CS16,GATCAG,40113,-
CS16,GATCAG,40272,-
CS16,GCTAAT,5958,+
CS16,GCTAAT,9271,+
CS16,GCTAAT,13176,+
CS16,GCTAAT,13731,+
CS16,GCTAAT,15695,+
CS16,GCTAAT,16362,+
CS16,GCTAAT,21438,+
CS16,GCTAAT,26497,+
CS16,GCTAAT,33304,+
CS16,GCTAAT,33679,+
CS16,GCTAAT,33933,+
CS16,GCTAAT,36583,+
CS16,GCTAAT,39632,+
CS16,GCTAAT,41233,+
CS16,GCTAAT,3884,-
CS16,GCTAAT,10617,-
CS16,GCTAAT,11013,-
CS16,GCTAAT,23805,-
CS16,GCTAAT,28284,-
CS16,GCTAAT,28333,-
CS16,GCTAAT,35763,-
CS16,GCTAAT,37001,-
CS16,GCTAAT,42334,-
CS16,GGTAAG,925,+
CS16,GGTAAG,3226,+
CS16,GGTAAG,8711,+
CS16,GGTAAG,8895,+
CS16,GGTAAG,16669,+
CS16,GGTAAG,17479,+
CS16,GGTAAG,17494,+
CS16,GGTAAG,20289,+
CS16,GGTAAG,20517,+
CS16,GGTAAG,21552,+
CS16,GGTAAG,35436,+
CS16,GGTAAG,39356,+
CS16,GGTAAG,40735,+
CS16,GGTAAG,41473,+
CS16,GGTAAG,42231,+
CS16,GGTAAG,4367,-
CS16,GGTAAG,14137,-
CS16,GGTAAG,20958,-
CS16,GGTAAG,22415,-
CS16,GGTAAG,23309,-
CS16,GGTAAG,23696,-
CS16,GGTAAG,23759,-
CS16,GGTAAG,24371,-
CS16,GGTAAG,24801,-
CS16,GGTAAG,26694,-
CS16,GGTAAG,26856,-
CS16,GGTAAG,27093,-
CS16,GGTAAG,27600,-
CS16,GGTAAG,28779,-
CS16,GGTAAG,28890,-
CS16,GGTAAG,29520,-
CS16,GGTAAG,40786,-
Bam,GATCAG,6020,+
Bam,GCTAAT,3430,+
Bam,GCTAAT,9141,+
Bam,GCTAAT,10648,+
Bam,GCTAAT,20501,+
Bam,GCTAAT,20578,+
Bam,GCTAAT,39220,+
Bam,GCTAAT,39840,+
Bam,GCTAAT,10310,-
Bam,GCTAAT,11493,-
Bam,GCTAAT,12998,-
Bam,GCTAAT,26142,-
Bam,GGTAAG,3844,+
Bam,GGTAAG,5264,+
Bam,GGTAAG,5417,+
Bam,GGTAAG,6834,+
Bam,GGTAAG,7114,+
Bam,GGTAAG,7480,+
Bam,GGTAAG,8080,+
Bam,GGTAAG,8542,+
Bam,GGTAAG,8812,+
Bam,GGTAAG,8830,+
Bam,GGTAAG,8842,+
Bam,GGTAAG,9280,+
Bam,GGTAAG,11794,+
Bam,GGTAAG,11955,+
Bam,GGTAAG,12009,+
Bam,GGTAAG,15271,+
Bam,GGTAAG,15298,+
Bam,GGTAAG,15792,+
Bam,GGTAAG,15849,+
Bam,GGTAAG,16128,+
Bam,GGTAAG,19372,+
Bam,GGTAAG,20520,+
Bam,GGTAAG,22451,+
Bam,GGTAAG,23579,+
Bam,GGTAAG,25875,+
Bam,GGTAAG,25914,+
Bam,GGTAAG,26601,+
Bam,GGTAAG,27276,+
Bam,GGTAAG,27504,+
Bam,GGTAAG,28059,+
Bam,GGTAAG,30434,+
Bam,GGTAAG,32666,+
Bam,GGTAAG,33305,+
Bam,GGTAAG,33575,+
Bam,GGTAAG,5073,-
Bam,GGTAAG,11720,-
Bam,GGTAAG,12282,-
Bam,GGTAAG,19021,-
Bam,GGTAAG,20192,-
Bam,GGTAAG,22299,-
Bam,GGTAAG,24055,-
Mav,GATCAG,1862,+
Mav,GATCAG,12884,+
Mav,GATCAG,29095,+
Mav,GATCAG,34810,+
Mav,GATCAG,40776,+
Mav,GATCAG,41703,+
Mav,GATCAG,42363,+
Mav,GATCAG,8119,-
Mav,GATCAG,17111,-
Mav,GATCAG,27151,-
Mav,GATCAG,38230,-
Mav,GATCAG,40208,-
Mav,GATCAG,40367,-
Mav,GCTAAT,5958,+
Mav,GCTAAT,9398,+
Mav,GCTAAT,13303,+
Mav,GCTAAT,13858,+
Mav,GCTAAT,15822,+
Mav,GCTAAT,16489,+
Mav,GCTAAT,21565,+
Mav,GCTAAT,26624,+
Mav,GCTAAT,33399,+
Mav,GCTAAT,33774,+
Mav,GCTAAT,34028,+
Mav,GCTAAT,36678,+
Mav,GCTAAT,39727,+
Mav,GCTAAT,41328,+
Mav,GCTAAT,3884,-
Mav,GCTAAT,10744,-
Mav,GCTAAT,11140,-
Mav,GCTAAT,23932,-
Mav,GCTAAT,28411,-
Mav,GCTAAT,28460,-
Mav,GCTAAT,35858,-
Mav,GCTAAT,37096,-
Mav,GCTAAT,42429,-
Mav,GGTAAG,925,+
Mav,GGTAAG,3226,+
Mav,GGTAAG,8838,+
Mav,GGTAAG,9022,+
Mav,GGTAAG,16796,+
Mav,GGTAAG,17606,+
Mav,GGTAAG,17621,+
Mav,GGTAAG,20416,+
Mav,GGTAAG,20644,+
Mav,GGTAAG,21679,+
Mav,GGTAAG,35531,+
Mav,GGTAAG,39451,+
Mav,GGTAAG,40830,+
Mav,GGTAAG,41568,+
Mav,GGTAAG,42326,+
Mav,GGTAAG,4367,-
Mav,GGTAAG,14264,-
Mav,GGTAAG,21085,-
Mav,GGTAAG,22542,-
Mav,GGTAAG,23436,-
Mav,GGTAAG,23823,-
Mav,GGTAAG,23886,-
Mav,GGTAAG,24498,-
Mav,GGTAAG,24928,-
Mav,GGTAAG,26821,-
Mav,GGTAAG,26983,-
Mav,GGTAAG,27220,-
Mav,GGTAAG,27727,-
Mav,GGTAAG,28915,-
Mav,GGTAAG,29026,-
Mav,GGTAAG,29656,-
Mav,GGTAAG,40881,-
Alma,GATCAG,2193,+
Alma,GATCAG,5630,+
Alma,GATCAG,7521,+
Alma,GATCAG,7938,+
Alma,GATCAG,8219,+
Alma,GATCAG,10179,+
Alma,GATCAG,10684,+
Alma,GATCAG,12587,+
Alma,GATCAG,12889,+
Alma,GATCAG,13380,+
Alma,GATCAG,13710,+
Alma,GATCAG,16719,+
Alma,GATCAG,20582,+
Alma,GATCAG,21216,+
Alma,GATCAG,21390,+
Alma,GATCAG,22636,+
Alma,GATCAG,23879,+
Alma,GATCAG,24790,+
Alma,GATCAG,25384,+
Alma,GATCAG,27320,+
Alma,GATCAG,27356,+
Alma,GATCAG,27665,+
Alma,GATCAG,31169,+
Alma,GATCAG,33500,+
Alma,GATCAG,35161,+
Alma,GATCAG,36056,+
Alma,GATCAG,39619,+
Alma,GATCAG,42114,+
Alma,GATCAG,46094,+
Alma,GATCAG,46587,+
Alma,GATCAG,48340,+
Alma,GATCAG,48745,+
Alma,GATCAG,48906,+
Alma,GATCAG,49256,+
Alma,GATCAG,50171,+
Alma,GATCAG,55371,+
Alma,GATCAG,55474,+
Alma,GATCAG,57740,+
Alma,GATCAG,64715,+
Alma,GATCAG,66496,+
Alma,GATCAG,68690,+
Alma,GATCAG,69439,+
Alma,GATCAG,70253,+
Alma,GATCAG,75172,+
Alma,GATCAG,77508,+
Alma,GATCAG,80676,+
Alma,GATCAG,80722,+
Alma,GATCAG,84031,+
Alma,GATCAG,88800,+
Alma,GATCAG,90509,+
Alma,GATCAG,91938,+
Alma,GATCAG,92030,+
Alma,GATCAG,96918,+
Alma,GATCAG,97864,+
Alma,GATCAG,104882,+
Alma,GATCAG,105153,+
Alma,GATCAG,111075,+
Alma,GATCAG,114014,+
Alma,GATCAG,117559,+
Alma,GATCAG,121360,+
Alma,GATCAG,126027,+
Alma,GATCAG,127539,+
Alma,GATCAG,128734,+
Alma,GATCAG,129235,+
Alma,GATCAG,129415,+
Alma,GATCAG,135570,+
Alma,GATCAG,3059,-
Alma,GATCAG,5628,-
Alma,GATCAG,8178,-
Alma,GATCAG,21292,-
Alma,GATCAG,21388,-
Alma,GATCAG,25862,-
Alma,GATCAG,25888,-
Alma,GATCAG,28936,-
Alma,GATCAG,30274,-
Alma,GATCAG,30432,-
Alma,GATCAG,39709,-
Alma,GATCAG,42174,-
Alma,GATCAG,43163,-
Alma,GATCAG,46462,-
Alma,GATCAG,50113,-
Alma,GATCAG,51402,-
Alma,GATCAG,53503,-
Alma,GATCAG,64895,-
Alma,GATCAG,67474,-
Alma,GATCAG,68678,-
Alma,GATCAG,70251,-
Alma,GATCAG,73766,-
Alma,GATCAG,73802,-
Alma,GATCAG,73928,-
Alma,GATCAG,79268,-
Alma,GATCAG,81881,-
Alma,GATCAG,87965,-
Alma,GATCAG,88162,-
Alma,GATCAG,89883,-
Alma,GATCAG,90627,-
Alma,GATCAG,91162,-
Alma,GATCAG,91609,-
Alma,GATCAG,92028,-
Alma,GATCAG,93011,-
Alma,GATCAG,96788,-
Alma,GATCAG,98903,-
Alma,GATCAG,99227,-
Alma,GATCAG,106440,-
Alma,GATCAG,106527,-
Alma,GATCAG,107592,-
Alma,GATCAG,111073,-
Alma,GATCAG,117445,-
Alma,GATCAG,131020,-
Alma,GATCAG,132517,-
Alma,GCTAAT,15147,+
Alma,GCTAAT,27855,+
Alma,GCTAAT,30017,+
Alma,GCTAAT,34303,+
Alma,GCTAAT,39691,+
Alma,GCTAAT,42287,+
Alma,GCTAAT,46238,+
Alma,GCTAAT,48400,+
Alma,GCTAAT,58278,+
Alma,GCTAAT,61856,+
Alma,GCTAAT,63958,+
Alma,GCTAAT,71969,+
Alma,GCTAAT,80376,+
Alma,GCTAAT,83079,+
Alma,GCTAAT,102013,+
Alma,GCTAAT,103672,+
Alma,GCTAAT,108289,+
Alma,GCTAAT,108654,+
Alma,GCTAAT,112966,+
Alma,GCTAAT,112999,+
Alma,GCTAAT,114390,+
Alma,GCTAAT,114655,+
Alma,GCTAAT,119730,+
Alma,GCTAAT,128615,+
Alma,GCTAAT,131968,+
Alma,GCTAAT,1049,-
Alma,GCTAAT,1791,-
Alma,GCTAAT,7897,-
Alma,GCTAAT,61001,-
Alma,GCTAAT,85410,-
Alma,GCTAAT,85968,-
Alma,GCTAAT,102005,-
Alma,GCTAAT,117321,-
Alma,GCTAAT,124593,-
Alma,GCTAAT,129658,-
Alma,GCTAAT,135832,-
Alma,GGTAAG,10801,+
Alma,GGTAAG,13340,+
Alma,GGTAAG,14242,+
Alma,GGTAAG,16122,+
Alma,GGTAAG,20281,+
Alma,GGTAAG,21369,+
Alma,GGTAAG,22033,+
Alma,GGTAAG,22318,+
Alma,GGTAAG,22721,+
Alma,GGTAAG,22920,+
Alma,GGTAAG,24385,+
Alma,GGTAAG,31982,+
Alma,GGTAAG,33158,+
Alma,GGTAAG,33392,+
Alma,GGTAAG,34429,+
Alma,GGTAAG,35815,+
Alma,GGTAAG,39339,+
Alma,GGTAAG,42130,+
Alma,GGTAAG,43446,+
Alma,GGTAAG,44655,+
Alma,GGTAAG,50538,+
Alma,GGTAAG,51191,+
Alma,GGTAAG,53026,+
Alma,GGTAAG,53116,+
Alma,GGTAAG,56392,+
Alma,GGTAAG,57137,+
Alma,GGTAAG,66322,+
Alma,GGTAAG,66330,+
Alma,GGTAAG,67608,+
Alma,GGTAAG,70352,+
Alma,GGTAAG,72334,+
Alma,GGTAAG,79370,+
Alma,GGTAAG,82508,+
Alma,GGTAAG,82663,+
Alma,GGTAAG,82914,+
Alma,GGTAAG,84259,+
Alma,GGTAAG,87163,+
Alma,GGTAAG,87255,+
Alma,GGTAAG,90404,+
Alma,GGTAAG,92967,+
Alma,GGTAAG,96078,+
Alma,GGTAAG,96826,+
Alma,GGTAAG,97048,+
Alma,GGTAAG,99071,+
Alma,GGTAAG,110454,+
Alma,GGTAAG,113864,+
Alma,GGTAAG,114582,+
Alma,GGTAAG,119669,+
Alma,GGTAAG,125435,+
Alma,GGTAAG,132917,+
Alma,GGTAAG,135219,+
Alma,GGTAAG,136459,+
Alma,GGTAAG,1494,-
Alma,GGTAAG,1673,-
Alma,GGTAAG,2913,-
Alma,GGTAAG,3080,-
Alma,GGTAAG,3663,-
Alma,GGTAAG,3690,-
Alma,GGTAAG,5120,-
Alma,GGTAAG,6239,-
Alma,GGTAAG,7380,-
Alma,GGTAAG,7386,-
Alma,GGTAAG,7635,-
Alma,GGTAAG,9505,-
Alma,GGTAAG,10062,-
Alma,GGTAAG,13062,-
Alma,GGTAAG,16810,-
Alma,GGTAAG,32647,-
Alma,GGTAAG,33249,-
Alma,GGTAAG,34171,-
Alma,GGTAAG,35975,-
Alma,GGTAAG,51708,-
Alma,GGTAAG,52288,-
Alma,GGTAAG,54247,-
Alma,GGTAAG,55635,-
Alma,GGTAAG,61658,-
Alma,GGTAAG,68606,-
Alma,GGTAAG,68873,-
Alma,GGTAAG,72700,-
Alma,GGTAAG,73667,-
Alma,GGTAAG,74024,-
Alma,GGTAAG,76852,-
Alma,GGTAAG,85273,-
Alma,GGTAAG,85343,-
Alma,GGTAAG,86536,-
Alma,GGTAAG,94891,-
Alma,GGTAAG,99162,-
Alma,GGTAAG,101700,-
Alma,GGTAAG,104341,-
Alma,GGTAAG,119047,-
Alma,GGTAAG,119557,-
Alma,GGTAAG,120189,-
Alma,GGTAAG,122888,-
Alma,GGTAAG,125821,-
Alma,GGTAAG,128449,-
Alma,GGTAAG,129086,-
Alma,GGTAAG,129956,-
Alma,GGTAAG,130336,-
Alma,GGTAAG,130519,-
Alma,GGTAAG,130956,-
Alma,GGTAAG,133262,-
Alma,GGTAAG,135945,-
Alma,GGTAAG,136119,-
Mak,GATCAG,6021,+
Mak,GCTAAT,3431,+
Mak,GCTAAT,9142,+
Mak,GCTAAT,10649,+
Mak,GCTAAT,20375,+
Mak,GCTAAT,20452,+
Mak,GCTAAT,39220,+
Mak,GCTAAT,39840,+
Mak,GCTAAT,10311,-
Mak,GCTAAT,11494,-
Mak,GCTAAT,12999,-
Mak,GCTAAT,26016,-
Mak,GGTAAG,3845,+
Mak,GGTAAG,5265,+
Mak,GGTAAG,5418,+
Mak,GGTAAG,6835,+
Mak,GGTAAG,7115,+
Mak,GGTAAG,7481,+
Mak,GGTAAG,8081,+
Mak,GGTAAG,8543,+
Mak,GGTAAG,8813,+
Mak,GGTAAG,8831,+
Mak,GGTAAG,8843,+
Mak,GGTAAG,9281,+
Mak,GGTAAG,11795,+
Mak,GGTAAG,11956,+
Mak,GGTAAG,12010,+
Mak,GGTAAG,15145,+
Mak,GGTAAG,15172,+
Mak,GGTAAG,15666,+
Mak,GGTAAG,15723,+
Mak,GGTAAG,16002,+
Mak,GGTAAG,19246,+
Mak,GGTAAG,20394,+
Mak,GGTAAG,22325,+
Mak,GGTAAG,23453,+
Mak,GGTAAG,25749,+
Mak,GGTAAG,25788,+
Mak,GGTAAG,26475,+
Mak,GGTAAG,27150,+
Mak,GGTAAG,27378,+
Mak,GGTAAG,27933,+
Mak,GGTAAG,30308,+
Mak,GGTAAG,32540,+
Mak,GGTAAG,33179,+
Mak,GGTAAG,33449,+
Mak,GGTAAG,5074,-
Mak,GGTAAG,11721,-
Mak,GGTAAG,12283,-
Mak,GGTAAG,18895,-
Mak,GGTAAG,20066,-
Mak,GGTAAG,22173,-
Mak,GGTAAG,23929,-
TB34,GATCAG,4313,+
TB34,GATCAG,4356,+
TB34,GATCAG,6106,+
TB34,GATCAG,10715,+
TB34,GATCAG,13842,+
TB34,GATCAG,19130,+
TB34,GATCAG,21386,+
TB34,GATCAG,22558,+
TB34,GATCAG,23296,+
TB34,GATCAG,24149,+
TB34,GATCAG,25209,+
TB34,GATCAG,28700,+
TB34,GATCAG,37078,+
TB34,GATCAG,48972,+
TB34,GATCAG,49437,+
TB34,GATCAG,51157,+
TB34,GATCAG,51608,+
TB34,GATCAG,53508,+
TB34,GATCAG,55059,+
TB34,GATCAG,57403,+
TB34,GATCAG,57587,+
TB34,GATCAG,58541,+
TB34,GATCAG,60020,+
TB34,GATCAG,62207,+
TB34,GATCAG,63623,+
TB34,GATCAG,66882,+
TB34,GATCAG,68275,+
TB34,GATCAG,68530,+
TB34,GATCAG,69840,+
TB34,GATCAG,72368,+
TB34,GATCAG,72827,+
TB34,GATCAG,73704,+
TB34,GATCAG,74548,+
TB34,GATCAG,77457,+
TB34,GATCAG,79105,+
TB34,GATCAG,82620,+
TB34,GATCAG,83341,+
TB34,GATCAG,86018,+
TB34,GATCAG,89207,+
TB34,GATCAG,89450,+
TB34,GATCAG,89654,+
TB34,GATCAG,90103,+
TB34,GATCAG,90334,+
TB34,GATCAG,91574,+
TB34,GATCAG,96224,+
TB34,GATCAG,97415,+
TB34,GATCAG,102937,+
TB34,GATCAG,106303,+
TB34,GATCAG,109379,+
TB34,GATCAG,124475,+
TB34,GATCAG,127686,+
TB34,GATCAG,135781,+
TB34,GATCAG,136659,+
TB34,GATCAG,141091,+
TB34,GATCAG,141211,+
TB34,GATCAG,143422,+
TB34,GATCAG,144351,+
TB34,GATCAG,145941,+
TB34,GATCAG,146031,+
TB34,GATCAG,149003,+
TB34,GATCAG,150037,+
TB34,GATCAG,151371,+
TB34,GATCAG,154887,+
TB34,GATCAG,156907,+
TB34,GATCAG,159324,+
TB34,GATCAG,160412,+
TB34,GATCAG,163317,+
TB34,GATCAG,2272,-
TB34,GATCAG,8544,-
TB34,GATCAG,10713,-
TB34,GATCAG,11157,-
TB34,GATCAG,12555,-
TB34,GATCAG,15730,-
TB34,GATCAG,16376,-
TB34,GATCAG,18251,-
TB34,GATCAG,18333,-
TB34,GATCAG,19019,-
TB34,GATCAG,19128,-
TB34,GATCAG,19347,-
TB34,GATCAG,20110,-
TB34,GATCAG,20373,-
TB34,GATCAG,22873,-
TB34,GATCAG,23172,-
TB34,GATCAG,24308,-
TB34,GATCAG,26540,-
TB34,GATCAG,29020,-
TB34,GATCAG,34259,-
TB34,GATCAG,35997,-
TB34,GATCAG,36821,-
TB34,GATCAG,36828,-
TB34,GATCAG,41354,-
TB34,GATCAG,48261,-
TB34,GATCAG,51288,-
TB34,GATCAG,55071,-
TB34,GATCAG,58481,-
TB34,GATCAG,59178,-
TB34,GATCAG,62205,-
TB34,GATCAG,65266,-
TB34,GATCAG,65716,-
TB34,GATCAG,89803,-
TB34,GATCAG,93089,-
TB34,GATCAG,94551,-
TB34,GATCAG,97413,-
TB34,GATCAG,98335,-
TB34,GATCAG,100493,-
TB34,GATCAG,102231,-
TB34,GATCAG,104796,-
TB34,GATCAG,107689,-
TB34,GATCAG,123150,-
TB34,GATCAG,123711,-
TB34,GATCAG,124473,-
TB34,GATCAG,124837,-
TB34,GATCAG,154313,-
TB34,GATCAG,156139,-
TB34,GATCAG,158881,-
TB34,GATCAG,159953,-
TB34,GATCAG,160293,-
TB34,GATCAG,161005,-
TB34,GATCAG,163315,-
TB34,GATCAG,164960,-
TB34,GCTAAT,2678,+
TB34,GCTAAT,5788,+
TB34,GCTAAT,15265,+
TB34,GCTAAT,17220,+
TB34,GCTAAT,19521,+
TB34,GCTAAT,22493,+
TB34,GCTAAT,25773,+
TB34,GCTAAT,30492,+
TB34,GCTAAT,33965,+
TB34,GCTAAT,37139,+
TB34,GCTAAT,43308,+
TB34,GCTAAT,45234,+
TB34,GCTAAT,48841,+
TB34,GCTAAT,49835,+
TB34,GCTAAT,51835,+
TB34,GCTAAT,59804,+
TB34,GCTAAT,65086,+
TB34,GCTAAT,70240,+
TB34,GCTAAT,72039,+
TB34,GCTAAT,73022,+
TB34,GCTAAT,76240,+
TB34,GCTAAT,78861,+
TB34,GCTAAT,79367,+
TB34,GCTAAT,82606,+
TB34,GCTAAT,87694,+
TB34,GCTAAT,91383,+
TB34,GCTAAT,94995,+
TB34,GCTAAT,99927,+
TB34,GCTAAT,102485,+
TB34,GCTAAT,104695,+
TB34,GCTAAT,107127,+
TB34,GCTAAT,107603,+
TB34,GCTAAT,120340,+
TB34,GCTAAT,121632,+
TB34,GCTAAT,123616,+
TB34,GCTAAT,135301,+
TB34,GCTAAT,143386,+
TB34,GCTAAT,143711,+
TB34,GCTAAT,147816,+
TB34,GCTAAT,151119,+
TB34,GCTAAT,152953,+
TB34,GCTAAT,154517,+
TB34,GCTAAT,154529,+
TB34,GCTAAT,156379,+
TB34,GCTAAT,157563,+
TB34,GCTAAT,160596,+
TB34,GCTAAT,164882,+
TB34,GCTAAT,1894,-
TB34,GCTAAT,2202,-
TB34,GCTAAT,5137,-
TB34,GCTAAT,13503,-
TB34,GCTAAT,20087,-
TB34,GCTAAT,27480,-
TB34,GCTAAT,31296,-
TB34,GCTAAT,32685,-
TB34,GCTAAT,37442,-
TB34,GCTAAT,41434,-
TB34,GCTAAT,46074,-
TB34,GCTAAT,48918,-
TB34,GCTAAT,54710,-
TB34,GCTAAT,63004,-
TB34,GCTAAT,64870,-
TB34,GCTAAT,65028,-
TB34,GCTAAT,73891,-
TB34,GCTAAT,74880,-
TB34,GCTAAT,81149,-
TB34,GCTAAT,81209,-
TB34,GCTAAT,83839,-
TB34,GCTAAT,89261,-
TB34,GCTAAT,90798,-
TB34,GCTAAT,91958,-
TB34,GCTAAT,92762,-
TB34,GCTAAT,97809,-
TB34,GCTAAT,100344,-
TB34,GCTAAT,106769,-
TB34,GCTAAT,107434,-
TB34,GCTAAT,111087,-
TB34,GCTAAT,115674,-
TB34,GCTAAT,121628,-
TB34,GCTAAT,122508,-
TB34,GCTAAT,123678,-
TB34,GCTAAT,124020,-
TB34,GCTAAT,127504,-
TB34,GCTAAT,127741,-
TB34,GCTAAT,142152,-
TB34,GCTAAT,142951,-
TB34,GCTAAT,144653,-
TB34,GCTAAT,150784,-
TB34,GCTAAT,155564,-
TB34,GCTAAT,162666,-
TB34,GCTAAT,163578,-
TB34,GGTAAG,2139,+
TB34,GGTAAG,6290,+
TB34,GGTAAG,9677,+
TB34,GGTAAG,11213,+
TB34,GGTAAG,12154,+
TB34,GGTAAG,18911,+
TB34,GGTAAG,19217,+
TB34,GGTAAG,28105,+
TB34,GGTAAG,28960,+
TB34,GGTAAG,31371,+
TB34,GGTAAG,31604,+
TB34,GGTAAG,34571,+
TB34,GGTAAG,40586,+
TB34,GGTAAG,55852,+
TB34,GGTAAG,68461,+
TB34,GGTAAG,68881,+
TB34,GGTAAG,70939,+
TB34,GGTAAG,74494,+
TB34,GGTAAG,82566,+
TB34,GGTAAG,84303,+
TB34,GGTAAG,105026,+
TB34,GGTAAG,113375,+
TB34,GGTAAG,117751,+
TB34,GGTAAG,146835,+
TB34,GGTAAG,161657,+
TB34,GGTAAG,14287,-
TB34,GGTAAG,38684,-
TB34,GGTAAG,44455,-
TB34,GGTAAG,50238,-
TB34,GGTAAG,54403,-
TB34,GGTAAG,54463,-
TB34,GGTAAG,61603,-
TB34,GGTAAG,64134,-
TB34,GGTAAG,70248,-
TB34,GGTAAG,71122,-
TB34,GGTAAG,86274,-
TB34,GGTAAG,86950,-
TB34,GGTAAG,87682,-
TB34,GGTAAG,87985,-
TB34,GGTAAG,91494,-
TB34,GGTAAG,92914,-
TB34,GGTAAG,97145,-
TB34,GGTAAG,105333,-
TB34,GGTAAG,105501,-
TB34,GGTAAG,117758,-
TB34,GGTAAG,119217,-
TB34,GGTAAG,120888,-
TB34,GGTAAG,127129,-
TB34,GGTAAG,132591,-
TB34,GGTAAG,133917,-
TB34,GGTAAG,136279,-
TB34,GGTAAG,137485,-
TB34,GGTAAG,138455,-
TB34,GGTAAG,138808,-
TB34,GGTAAG,147762,-
TB34,GGTAAG,152724,-
TB34,GGTAAG,153665,-
TB34,GGTAAG,160343,-
TB34,GGTAAG,163061,-
Jura,GCTAAT,2969,+
Jura,GCTAAT,4217,+
Jura,GCTAAT,4679,+
Jura,GCTAAT,9356,+
Jura,GCTAAT,12883,+
Jura,GCTAAT,14596,+
Jura,GCTAAT,16810,+
Jura,GCTAAT,18214,+
Jura,GCTAAT,29078,+
Jura,GCTAAT,33496,+
Jura,GCTAAT,33504,+
Jura,GCTAAT,37506,+
Jura,GCTAAT,46195,+
Jura,GCTAAT,48807,+
Jura,GCTAAT,49760,+
Jura,GCTAAT,50563,+
Jura,GCTAAT,50888,+
Jura,GCTAAT,51416,+
Jura,GCTAAT,53054,+
Jura,GCTAAT,53585,+
Jura,GCTAAT,54202,+
Jura,GCTAAT,54800,+
Jura,GCTAAT,61692,+
Jura,GCTAAT,64262,+
Jura,GCTAAT,65741,+
Jura,GCTAAT,68428,+
Jura,GCTAAT,70803,+
Jura,GCTAAT,1499,-
Jura,GCTAAT,2051,-
Jura,GCTAAT,2911,-
Jura,GCTAAT,3616,-
Jura,GCTAAT,8012,-
Jura,GCTAAT,8686,-
Jura,GCTAAT,9437,-
Jura,GCTAAT,9706,-
Jura,GCTAAT,10260,-
Jura,GCTAAT,10962,-
Jura,GCTAAT,12384,-
Jura,GCTAAT,12717,-
Jura,GCTAAT,12987,-
Jura,GCTAAT,14202,-
Jura,GCTAAT,14379,-
Jura,GCTAAT,15568,-
Jura,GCTAAT,16341,-
Jura,GCTAAT,17049,-
Jura,GCTAAT,17667,-
Jura,GCTAAT,18345,-
Jura,GCTAAT,20097,-
Jura,GCTAAT,22334,-
Jura,GCTAAT,23292,-
Jura,GCTAAT,25944,-
Jura,GCTAAT,26028,-
Jura,GCTAAT,26316,-
Jura,GCTAAT,26947,-
Jura,GCTAAT,28559,-
Jura,GCTAAT,32759,-
Jura,GCTAAT,36674,-
Jura,GCTAAT,36917,-
Jura,GCTAAT,37160,-
Jura,GCTAAT,40423,-
Jura,GCTAAT,40699,-
Jura,GCTAAT,41733,-
Jura,GCTAAT,41820,-
Jura,GCTAAT,47400,-
Jura,GCTAAT,49267,-
Jura,GCTAAT,49807,-
Jura,GCTAAT,50860,-
Jura,GCTAAT,51238,-
Jura,GCTAAT,58442,-
Jura,GCTAAT,60603,-
Jura,GCTAAT,63074,-
Jura,GCTAAT,66242,-
Jura,GCTAAT,67128,-
Jura,GCTAAT,69739,-
Jura,GGTAAG,17,+
Jura,GGTAAG,5715,+
Jura,GGTAAG,5886,+
Jura,GGTAAG,6228,+
Jura,GGTAAG,7069,+
Jura,GGTAAG,8539,+
Jura,GGTAAG,8647,+
Jura,GGTAAG,8658,+
Jura,GGTAAG,9096,+
Jura,GGTAAG,9777,+
Jura,GGTAAG,12564,+
Jura,GGTAAG,15328,+
Jura,GGTAAG,15748,+
Jura,GGTAAG,17161,+
Jura,GGTAAG,17648,+
Jura,GGTAAG,17903,+
Jura,GGTAAG,24026,+
Jura,GGTAAG,24835,+
Jura,GGTAAG,32515,+
Jura,GGTAAG,36619,+
Jura,GGTAAG,41306,+
Jura,GGTAAG,43806,+
Jura,GGTAAG,45286,+
Jura,GGTAAG,48368,+
Jura,GGTAAG,51566,+
Jura,GGTAAG,59961,+
Jura,GGTAAG,64052,+
Jura,GGTAAG,66787,+
Jura,GGTAAG,67498,+
Jura,GGTAAG,71046,+
Jura,GGTAAG,10290,-
Jura,GGTAAG,10851,-
Jura,GGTAAG,12039,-
Jura,GGTAAG,14067,-
Jura,GGTAAG,15114,-
Jura,GGTAAG,15219,-
Jura,GGTAAG,15408,-
Jura,GGTAAG,16078,-
Jura,GGTAAG,16134,-
Jura,GGTAAG,16884,-
Jura,GGTAAG,18855,-
Jura,GGTAAG,24255,-
Jura,GGTAAG,26557,-
Jura,GGTAAG,27276,-
Jura,GGTAAG,28149,-
Jura,GGTAAG,34404,-
Jura,GGTAAG,34593,-
Jura,GGTAAG,37823,-
Jura,GGTAAG,38471,-
Jura,GGTAAG,42018,-
Jura,GGTAAG,42111,-
Jura,GGTAAG,42597,-
Jura,GGTAAG,43323,-
Jura,GGTAAG,43795,-
Jura,GGTAAG,44947,-
Jura,GGTAAG,46033,-
Jura,GGTAAG,52875,-
Jura,GGTAAG,64043,-
Jura,GGTAAG,68682,-
Jura,GGTAAG,71407,-
Trib,GCTAAT,3132,+
Trib,GCTAAT,7766,+
Trib,GCTAAT,11428,+
Trib,GCTAAT,12640,+
Trib,GCTAAT,15126,+
Trib,GCTAAT,19382,+
Trib,GCTAAT,24101,+
Trib,GCTAAT,24484,+
Trib,GCTAAT,26497,+
Trib,GCTAAT,28844,+
Trib,GCTAAT,32257,+
Trib,GCTAAT,32942,+
Trib,GCTAAT,35933,+
Trib,GCTAAT,42519,+
Trib,GCTAAT,45649,+
Trib,GCTAAT,48372,+
Trib,GCTAAT,49981,+
Trib,GCTAAT,52645,+
Trib,GCTAAT,53302,+
Trib,GCTAAT,55355,+
Trib,GCTAAT,56991,+
Trib,GCTAAT,57435,+
Trib,GCTAAT,57572,+
Trib,GCTAAT,67812,+
Trib,GCTAAT,72854,+
Trib,GCTAAT,74065,+
Trib,GCTAAT,87440,+
Trib,GCTAAT,87641,+
Trib,GCTAAT,1633,-
Trib,GCTAAT,9292,-
Trib,GCTAAT,9598,-
Trib,GCTAAT,13376,-
Trib,GCTAAT,13497,-
Trib,GCTAAT,19788,-
Trib,GCTAAT,22667,-
Trib,GCTAAT,23845,-
Trib,GCTAAT,37204,-
Trib,GCTAAT,58505,-
Trib,GCTAAT,59779,-
Trib,GCTAAT,62551,-
Trib,GCTAAT,66947,-
Trib,GCTAAT,75133,-
Trib,GCTAAT,85651,-
Trib,GCTAAT,88741,-
Trib,GGTAAG,1372,+
Trib,GGTAAG,3967,+
Trib,GGTAAG,4700,+
Trib,GGTAAG,5719,+
Trib,GGTAAG,6199,+
Trib,GGTAAG,6520,+
Trib,GGTAAG,8904,+
Trib,GGTAAG,11791,+
Trib,GGTAAG,12108,+
Trib,GGTAAG,15145,+
Trib,GGTAAG,15944,+
Trib,GGTAAG,17139,+
Trib,GGTAAG,24170,+
Trib,GGTAAG,25990,+
Trib,GGTAAG,28307,+
Trib,GGTAAG,28478,+
Trib,GGTAAG,28871,+
Trib,GGTAAG,33772,+
Trib,GGTAAG,42910,+
Trib,GGTAAG,42982,+
Trib,GGTAAG,44221,+
Trib,GGTAAG,45109,+
Trib,GGTAAG,45412,+
Trib,GGTAAG,46449,+
Trib,GGTAAG,49909,+
Trib,GGTAAG,50695,+
Trib,GGTAAG,54391,+
Trib,GGTAAG,54635,+
Trib,GGTAAG,55125,+
Trib,GGTAAG,56618,+
Trib,GGTAAG,57774,+
Trib,GGTAAG,57895,+
Trib,GGTAAG,59720,+
Trib,GGTAAG,61469,+
Trib,GGTAAG,62428,+
Trib,GGTAAG,62814,+
Trib,GGTAAG,65716,+
Trib,GGTAAG,69480,+
Trib,GGTAAG,70703,+
Trib,GGTAAG,70961,+
Trib,GGTAAG,81874,+
Trib,GGTAAG,84366,+
Trib,GGTAAG,84675,+
Trib,GGTAAG,84773,+
Trib,GGTAAG,87452,+
Trib,GGTAAG,88494,+
Trib,GGTAAG,3056,-
Trib,GGTAAG,3214,-
Trib,GGTAAG,4593,-
Trib,GGTAAG,6946,-
Trib,GGTAAG,11632,-
Trib,GGTAAG,13242,-
Trib,GGTAAG,13538,-
Trib,GGTAAG,24620,-
Trib,GGTAAG,27702,-
Trib,GGTAAG,28643,-
Trib,GGTAAG,28796,-
Trib,GGTAAG,30411,-
Trib,GGTAAG,31257,-
Trib,GGTAAG,31850,-
Trib,GGTAAG,32407,-
Trib,GGTAAG,32412,-
Trib,GGTAAG,32674,-
Trib,GGTAAG,33288,-
Trib,GGTAAG,33834,-
Trib,GGTAAG,34307,-
Trib,GGTAAG,35417,-
Trib,GGTAAG,36107,-
Trib,GGTAAG,36560,-
Trib,GGTAAG,37209,-
Trib,GGTAAG,37391,-
Trib,GGTAAG,38967,-
Trib,GGTAAG,39111,-
Trib,GGTAAG,55140,-
Trib,GGTAAG,55243,-
Trib,GGTAAG,59854,-
Trib,GGTAAG,61212,-
Trib,GGTAAG,61365,-
Trib,GGTAAG,61432,-
Trib,GGTAAG,61977,-
Trib,GGTAAG,66975,-
Trib,GGTAAG,68440,-
Trib,GGTAAG,69345,-
Trib,GGTAAG,79790,-
Trib,GGTAAG,80377,-
Trib,GGTAAG,80978,-
Trib,GGTAAG,83275,-
Trib,GGTAAG,84720,-
Trib,GGTAAG,86138,-
Trib,GGTAAG,87007,-
BB1,GATCAG,2049,+
BB1,GATCAG,10878,+
BB1,GATCAG,10942,+
BB1,GATCAG,12474,+
BB1,GATCAG,16045,+
BB1,GATCAG,17013,+
BB1,GATCAG,19058,+
BB1,GATCAG,22655,+
BB1,GATCAG,29884,+
BB1,GATCAG,36646,+
BB1,GATCAG,41063,+
BB1,GATCAG,48784,+
BB1,GATCAG,49741,+
BB1,GATCAG,56840,+
BB1,GATCAG,63634,+
BB1,GATCAG,63802,+
BB1,GATCAG,64043,+
BB1,GATCAG,67885,+
BB1,GATCAG,68308,+
BB1,GATCAG,68808,+
BB1,GATCAG,84335,+
BB1,GATCAG,85579,+
BB1,GATCAG,90219,+
BB1,GATCAG,93804,+
BB1,GATCAG,96028,+
BB1,GATCAG,96749,+
BB1,GATCAG,7181,-
BB1,GATCAG,11881,-
BB1,GATCAG,15054,-
BB1,GATCAG,15723,-
BB1,GATCAG,15959,-
BB1,GATCAG,44828,-
BB1,GATCAG,47136,-
BB1,GATCAG,52229,-
BB1,GATCAG,52492,-
BB1,GATCAG,57558,-
BB1,GATCAG,57870,-
BB1,GATCAG,59895,-
BB1,GATCAG,60402,-
BB1,GATCAG,60594,-
BB1,GATCAG,60930,-
BB1,GATCAG,62772,-
BB1,GATCAG,69121,-
BB1,GATCAG,78749,-
BB1,GATCAG,79772,-
BB1,GATCAG,82548,-
BB1,GATCAG,88701,-
BB1,GATCAG,96016,-
BB1,GATCAG,102209,-
BB1,GATCAG,104353,-
BB1,GATCAG,105044,-
BB1,GCTAAT,1651,+
BB1,GCTAAT,2955,+
BB1,GCTAAT,5317,+
BB1,GCTAAT,5431,+
BB1,GCTAAT,11473,+
BB1,GCTAAT,13795,+
BB1,GCTAAT,16748,+
BB1,GCTAAT,23207,+
BB1,GCTAAT,23983,+
BB1,GCTAAT,27214,+
BB1,GCTAAT,29565,+
BB1,GCTAAT,36481,+
BB1,GCTAAT,37158,+
BB1,GCTAAT,37486,+
BB1,GCTAAT,38492,+
BB1,GCTAAT,40474,+
BB1,GCTAAT,42968,+
BB1,GCTAAT,46487,+
BB1,GCTAAT,47215,+
BB1,GCTAAT,53477,+
BB1,GCTAAT,53602,+
BB1,GCTAAT,57489,+
BB1,GCTAAT,58354,+
BB1,GCTAAT,59841,+
BB1,GCTAAT,77674,+
BB1,GCTAAT,84440,+
BB1,GCTAAT,84827,+
BB1,GCTAAT,86111,+
BB1,GCTAAT,86774,+
BB1,GCTAAT,89792,+
BB1,GCTAAT,91097,+
BB1,GCTAAT,92257,+
BB1,GCTAAT,92675,+
BB1,GCTAAT,93197,+
BB1,GCTAAT,93577,+
BB1,GCTAAT,95583,+
BB1,GCTAAT,97701,+
BB1,GCTAAT,100804,+
BB1,GCTAAT,109125,+
BB1,GCTAAT,3123,-
BB1,GCTAAT,6827,-
BB1,GCTAAT,10005,-
BB1,GCTAAT,11148,-
BB1,GCTAAT,13072,-
BB1,GCTAAT,13866,-
BB1,GCTAAT,15477,-
BB1,GCTAAT,17459,-
BB1,GCTAAT,18793,-
BB1,GCTAAT,20143,-
BB1,GCTAAT,21662,-
BB1,GCTAAT,21772,-
BB1,GCTAAT,23753,-
BB1,GCTAAT,24015,-
BB1,GCTAAT,24086,-
BB1,GCTAAT,26551,-
BB1,GCTAAT,31055,-
BB1,GCTAAT,33051,-
BB1,GCTAAT,34925,-
BB1,GCTAAT,37002,-
BB1,GCTAAT,42373,-
BB1,GCTAAT,43468,-
BB1,GCTAAT,46429,-
BB1,GCTAAT,46468,-
BB1,GCTAAT,47447,-
BB1,GCTAAT,50387,-
BB1,GCTAAT,50447,-
BB1,GCTAAT,50993,-
BB1,GCTAAT,52100,-
BB1,GCTAAT,52169,-
BB1,GCTAAT,53021,-
BB1,GCTAAT,53054,-
BB1,GCTAAT,53159,-
BB1,GCTAAT,53282,-
BB1,GCTAAT,54138,-
BB1,GCTAAT,54327,-
BB1,GCTAAT,55701,-
BB1,GCTAAT,57573,-
BB1,GCTAAT,59079,-
BB1,GCTAAT,61617,-
BB1,GCTAAT,61764,-
BB1,GCTAAT,61902,-
BB1,GCTAAT,62358,-
BB1,GCTAAT,63388,-
BB1,GCTAAT,70376,-
BB1,GCTAAT,70501,-
BB1,GCTAAT,72046,-
BB1,GCTAAT,72300,-
BB1,GCTAAT,73680,-
BB1,GCTAAT,75504,-
BB1,GCTAAT,77775,-
BB1,GCTAAT,83233,-
BB1,GCTAAT,83263,-
BB1,GCTAAT,86131,-
BB1,GCTAAT,87703,-
BB1,GCTAAT,88497,-
BB1,GCTAAT,91968,-
BB1,GCTAAT,92020,-
BB1,GCTAAT,92928,-
BB1,GCTAAT,93991,-
BB1,GCTAAT,97583,-
BB1,GCTAAT,98822,-
BB1,GCTAAT,98929,-
BB1,GCTAAT,100077,-
BB1,GCTAAT,106497,-
BB1,GCTAAT,107955,-
BB1,GCTAAT,108964,-
BB1,GGTAAG,6232,+
BB1,GGTAAG,6528,+
BB1,GGTAAG,9595,+
BB1,GGTAAG,10348,+
BB1,GGTAAG,16335,+
BB1,GGTAAG,26230,+
BB1,GGTAAG,26733,+
BB1,GGTAAG,27350,+
BB1,GGTAAG,30220,+
BB1,GGTAAG,30304,+
BB1,GGTAAG,34578,+
BB1,GGTAAG,35775,+
BB1,GGTAAG,39039,+
BB1,GGTAAG,39317,+
BB1,GGTAAG,41450,+
BB1,GGTAAG,42470,+
BB1,GGTAAG,45818,+
BB1,GGTAAG,47653,+
BB1,GGTAAG,51607,+
BB1,GGTAAG,60801,+
BB1,GGTAAG,61191,+
BB1,GGTAAG,74559,+
BB1,GGTAAG,74590,+
BB1,GGTAAG,82352,+
BB1,GGTAAG,91317,+
BB1,GGTAAG,92860,+
BB1,GGTAAG,93603,+
BB1,GGTAAG,94984,+
BB1,GGTAAG,96150,+
BB1,GGTAAG,100289,+
BB1,GGTAAG,103895,+
BB1,GGTAAG,108090,+
BB1,GGTAAG,4044,-
BB1,GGTAAG,4436,-
BB1,GGTAAG,7124,-
BB1,GGTAAG,8174,-
BB1,GGTAAG,10924,-
BB1,GGTAAG,11235,-
BB1,GGTAAG,13256,-
BB1,GGTAAG,14944,-
BB1,GGTAAG,16208,-
BB1,GGTAAG,20648,-
BB1,GGTAAG,26870,-
BB1,GGTAAG,37418,-
BB1,GGTAAG,38050,-
BB1,GGTAAG,39074,-
BB1,GGTAAG,40075,-
BB1,GGTAAG,49791,-
BB1,GGTAAG,54483,-
BB1,GGTAAG,54708,-
BB1,GGTAAG,55122,-
BB1,GGTAAG,55618,-
BB1,GGTAAG,56892,-
BB1,GGTAAG,57681,-
BB1,GGTAAG,61512,-
BB1,GGTAAG,61845,-
BB1,GGTAAG,68964,-
BB1,GGTAAG,72918,-
BB1,GGTAAG,74069,-
BB1,GGTAAG,90061,-
BB1,GGTAAG,90288,-
BB1,GGTAAG,91442,-
BB1,GGTAAG,93722,-
BB1,GGTAAG,101139,-
BB1,GGTAAG,102373,-
BB1,GGTAAG,105347,-
BB1,GGTAAG,109429,-
Pau,GATCAG,1129,+
Pau,GATCAG,2114,+
Pau,GATCAG,5518,+
Pau,GATCAG,15377,+
Pau,GATCAG,17362,+
Pau,GATCAG,31337,+
Pau,GATCAG,40090,+
Pau,GATCAG,50016,+
Pau,GATCAG,51399,+
Pau,GATCAG,52640,+
Pau,GATCAG,56973,+
Pau,GATCAG,57074,+
Pau,GATCAG,62529,+
Pau,GATCAG,62885,+
Pau,GATCAG,65493,+
Pau,GATCAG,71965,+
Pau,GATCAG,75909,+
Pau,GATCAG,84416,+
Pau,GATCAG,84773,+
Pau,GATCAG,85950,+
Pau,GATCAG,87586,+
Pau,GATCAG,95590,+
Pau,GATCAG,98710,+
Pau,GATCAG,99194,+
Pau,GATCAG,102129,+
Pau,GATCAG,105404,+
Pau,GATCAG,109631,+
Pau,GATCAG,111084,+
Pau,GATCAG,113515,+
Pau,GATCAG,122165,+
Pau,GATCAG,122653,+
Pau,GATCAG,124743,+
Pau,GATCAG,127885,+
Pau,GATCAG,129850,+
Pau,GATCAG,134632,+
Pau,GATCAG,135108,+
Pau,GATCAG,140600,+
Pau,GATCAG,143177,+
Pau,GATCAG,143420,+
Pau,GATCAG,1714,-
Pau,GATCAG,6739,-
Pau,GATCAG,11763,-
Pau,GATCAG,20026,-
Pau,GATCAG,21049,-
Pau,GATCAG,22293,-
Pau,GATCAG,24699,-
Pau,GATCAG,30124,-
Pau,GATCAG,45401,-
Pau,GATCAG,45809,-
Pau,GATCAG,46273,-
Pau,GATCAG,51224,-
Pau,GATCAG,51939,-
Pau,GATCAG,52497,-
Pau,GATCAG,60914,-
Pau,GATCAG,62527,-
Pau,GATCAG,71217,-
Pau,GATCAG,74213,-
Pau,GATCAG,76773,-
Pau,GATCAG,82265,-
Pau,GATCAG,87575,-
Pau,GATCAG,87838,-
Pau,GATCAG,91616,-
Pau,GATCAG,91904,-
Pau,GATCAG,92224,-
Pau,GATCAG,92539,-
Pau,GATCAG,96964,-
Pau,GATCAG,97561,-
Pau,GATCAG,101855,-
Pau,GATCAG,102018,-
Pau,GATCAG,108462,-
Pau,GATCAG,110670,-
Pau,GATCAG,111222,-
Pau,GATCAG,117247,-
Pau,GATCAG,119030,-
Pau,GATCAG,122876,-
Pau,GATCAG,126114,-
Pau,GATCAG,128103,-
Pau,GATCAG,128416,-
Pau,GATCAG,129023,-
Pau,GATCAG,130949,-
Pau,GATCAG,132934,-
Pau,GATCAG,141714,-
Pau,GATCAG,143549,-
Pau,GATCAG,144981,-
Pau,GCTAAT,127,+
Pau,GCTAAT,3751,+
Pau,GCTAAT,17464,+
Pau,GCTAAT,23417,+
Pau,GCTAAT,23467,+
Pau,GCTAAT,28035,+
Pau,GCTAAT,28205,+
Pau,GCTAAT,28981,+
Pau,GCTAAT,35465,+
Pau,GCTAAT,36423,+
Pau,GCTAAT,37196,+
Pau,GCTAAT,37489,+
Pau,GCTAAT,39307,+
Pau,GCTAAT,39705,+
Pau,GCTAAT,42791,+
Pau,GCTAAT,46975,+
Pau,GCTAAT,49497,+
Pau,GCTAAT,52655,+
Pau,GCTAAT,54346,+
Pau,GCTAAT,56487,+
Pau,GCTAAT,59274,+
Pau,GCTAAT,59899,+
Pau,GCTAAT,65678,+
Pau,GCTAAT,72297,+
Pau,GCTAAT,72674,+
Pau,GCTAAT,84264,+
Pau,GCTAAT,94287,+
Pau,GCTAAT,99030,+
Pau,GCTAAT,107955,+
Pau,GCTAAT,112635,+
Pau,GCTAAT,114952,+
Pau,GCTAAT,119791,+
Pau,GCTAAT,132882,+
Pau,GCTAAT,134981,+
Pau,GCTAAT,136559,+
Pau,GCTAAT,136567,+
Pau,GCTAAT,138296,+
Pau,GCTAAT,141623,+
Pau,GCTAAT,973,-
Pau,GCTAAT,8786,-
Pau,GCTAAT,10650,-
Pau,GCTAAT,11842,-
Pau,GCTAAT,22052,-
Pau,GCTAAT,28031,-
Pau,GCTAAT,28176,-
Pau,GCTAAT,28515,-
Pau,GCTAAT,28773,-
Pau,GCTAAT,29724,-
Pau,GCTAAT,33361,-
Pau,GCTAAT,35318,-
Pau,GCTAAT,37441,-
Pau,GCTAAT,38188,-
Pau,GCTAAT,42218,-
Pau,GCTAAT,42809,-
Pau,GCTAAT,44657,-
Pau,GCTAAT,53070,-
Pau,GCTAAT,53855,-
Pau,GCTAAT,54101,-
Pau,GCTAAT,61807,-
Pau,GCTAAT,62147,-
Pau,GCTAAT,63724,-
Pau,GCTAAT,69462,-
Pau,GCTAAT,78472,-
Pau,GCTAAT,78778,-
Pau,GCTAAT,82641,-
Pau,GCTAAT,86340,-
Pau,GCTAAT,86367,-
Pau,GCTAAT,92632,-
Pau,GCTAAT,94742,-
Pau,GCTAAT,97180,-
Pau,GCTAAT,97846,-
Pau,GCTAAT,98614,-
Pau,GCTAAT,102511,-
Pau,GCTAAT,104501,-
Pau,GCTAAT,108297,-
Pau,GCTAAT,118270,-
Pau,GCTAAT,120000,-
Pau,GCTAAT,125485,-
Pau,GCTAAT,134178,-
Pau,GCTAAT,137871,-
Pau,GCTAAT,142000,-
Pau,GCTAAT,142222,-
Pau,GGTAAG,201,+
Pau,GGTAAG,11312,+
Pau,GGTAAG,16203,+
Pau,GGTAAG,29894,+
Pau,GGTAAG,30174,+
Pau,GGTAAG,33314,+
Pau,GGTAAG,38140,+
Pau,GGTAAG,45753,+
Pau,GGTAAG,45958,+
Pau,GGTAAG,46475,+
Pau,GGTAAG,50435,+
Pau,GGTAAG,51725,+
Pau,GGTAAG,52538,+
Pau,GGTAAG,57433,+
Pau,GGTAAG,57539,+
Pau,GGTAAG,61238,+
Pau,GGTAAG,66373,+
Pau,GGTAAG,68851,+
Pau,GGTAAG,71186,+
Pau,GGTAAG,75076,+
Pau,GGTAAG,78326,+
Pau,GGTAAG,81901,+
Pau,GGTAAG,86720,+
Pau,GGTAAG,97026,+
Pau,GGTAAG,97433,+
Pau,GGTAAG,97446,+
Pau,GGTAAG,100063,+
Pau,GGTAAG,100744,+
Pau,GGTAAG,101943,+
Pau,GGTAAG,102372,+
Pau,GGTAAG,107587,+
Pau,GGTAAG,120842,+
Pau,GGTAAG,125457,+
Pau,GGTAAG,126085,+
Pau,GGTAAG,126742,+
Pau,GGTAAG,129925,+
Pau,GGTAAG,130448,+
Pau,GGTAAG,131496,+
Pau,GGTAAG,132819,+
Pau,GGTAAG,133681,+
Pau,GGTAAG,134427,+
Pau,GGTAAG,134775,+
Pau,GGTAAG,134928,+
Pau,GGTAAG,135620,+
Pau,GGTAAG,136127,+
Pau,GGTAAG,136628,+
Pau,GGTAAG,138103,+
Pau,GGTAAG,138683,+
Pau,GGTAAG,139312,+
Pau,GGTAAG,144948,+
Pau,GGTAAG,145642,+
Pau,GGTAAG,2087,-
Pau,GGTAAG,11005,-
Pau,GGTAAG,13008,-
Pau,GGTAAG,14809,-
Pau,GGTAAG,19891,-
Pau,GGTAAG,21705,-
Pau,GGTAAG,22923,-
Pau,GGTAAG,26863,-
Pau,GGTAAG,41214,-
Pau,GGTAAG,41754,-
Pau,GGTAAG,43625,-
Pau,GGTAAG,48620,-
Pau,GGTAAG,56312,-
Pau,GGTAAG,58099,-
Pau,GGTAAG,58281,-
Pau,GGTAAG,66677,-
Pau,GGTAAG,67143,-
Pau,GGTAAG,70642,-
Pau,GGTAAG,74793,-
Pau,GGTAAG,85509,-
Pau,GGTAAG,90091,-
Pau,GGTAAG,91853,-
Pau,GGTAAG,95201,-
Pau,GGTAAG,106415,-
Pau,GGTAAG,107383,-
Pau,GGTAAG,110069,-
Pau,GGTAAG,113924,-
Pau,GGTAAG,114327,-
Pau,GGTAAG,114926,-
Pau,GGTAAG,115095,-
Pau,GGTAAG,121061,-
Pau,GGTAAG,122381,-
Pau,GGTAAG,122673,-
Pau,GGTAAG,124399,-
Pau,GGTAAG,127684,-
Pau,GGTAAG,127860,-
Pau,GGTAAG,132345,-
Pau,GGTAAG,135013,-
Pau,GGTAAG,141685,-
Baz,GCTAAT,3132,+
Baz,GCTAAT,7766,+
Baz,GCTAAT,11428,+
Baz,GCTAAT,12640,+
Baz,GCTAAT,15126,+
Baz,GCTAAT,19382,+
Baz,GCTAAT,24101,+
Baz,GCTAAT,24484,+
Baz,GCTAAT,26500,+
Baz,GCTAAT,27169,+
Baz,GCTAAT,32270,+
Baz,GCTAAT,32955,+
Baz,GCTAAT,35946,+
Baz,GCTAAT,42532,+
Baz,GCTAAT,45662,+
Baz,GCTAAT,48385,+
Baz,GCTAAT,49993,+
Baz,GCTAAT,52675,+
Baz,GCTAAT,54199,+
Baz,GCTAAT,56608,+
Baz,GCTAAT,57052,+
Baz,GCTAAT,64123,+
Baz,GCTAAT,66943,+
Baz,GCTAAT,68212,+
Baz,GCTAAT,86279,+
Baz,GCTAAT,1633,-
Baz,GCTAAT,9292,-
Baz,GCTAAT,9598,-
Baz,GCTAAT,13376,-
Baz,GCTAAT,13497,-
Baz,GCTAAT,19788,-
Baz,GCTAAT,22667,-
Baz,GCTAAT,23845,-
Baz,GCTAAT,32152,-
Baz,GCTAAT,37217,-
Baz,GCTAAT,51225,-
Baz,GCTAAT,62961,-
Baz,GCTAAT,66078,-
Baz,GCTAAT,66267,-
Baz,GCTAAT,67907,-
Baz,GCTAAT,74270,-
Baz,GCTAAT,82079,-
Baz,GCTAAT,84491,-
Baz,GCTAAT,87580,-
Baz,GGTAAG,1372,+
Baz,GGTAAG,3967,+
Baz,GGTAAG,4700,+
Baz,GGTAAG,5719,+
Baz,GGTAAG,6199,+
Baz,GGTAAG,6520,+
Baz,GGTAAG,8904,+
Baz,GGTAAG,11791,+
Baz,GGTAAG,12108,+
Baz,GGTAAG,15145,+
Baz,GGTAAG,15944,+
Baz,GGTAAG,17139,+
Baz,GGTAAG,25990,+
Baz,GGTAAG,26965,+
Baz,GGTAAG,28496,+
Baz,GGTAAG,33785,+
Baz,GGTAAG,42995,+
Baz,GGTAAG,44234,+
Baz,GGTAAG,45122,+
Baz,GGTAAG,45425,+
Baz,GGTAAG,46462,+
Baz,GGTAAG,49921,+
Baz,GGTAAG,54421,+
Baz,GGTAAG,55484,+
Baz,GGTAAG,55699,+
Baz,GGTAAG,57391,+
Baz,GGTAAG,57792,+
Baz,GGTAAG,58514,+
Baz,GGTAAG,60950,+
Baz,GGTAAG,64847,+
Baz,GGTAAG,68612,+
Baz,GGTAAG,69321,+
Baz,GGTAAG,69855,+
Baz,GGTAAG,70113,+
Baz,GGTAAG,80954,+
Baz,GGTAAG,82051,+
Baz,GGTAAG,83515,+
Baz,GGTAAG,83613,+
Baz,GGTAAG,86291,+
Baz,GGTAAG,87333,+
Baz,GGTAAG,3056,-
Baz,GGTAAG,3214,-
Baz,GGTAAG,4593,-
Baz,GGTAAG,6946,-
Baz,GGTAAG,11632,-
Baz,GGTAAG,13242,-
Baz,GGTAAG,13538,-
Baz,GGTAAG,24620,-
Baz,GGTAAG,28661,-
Baz,GGTAAG,28809,-
Baz,GGTAAG,30424,-
Baz,GGTAAG,31270,-
Baz,GGTAAG,31863,-
Baz,GGTAAG,32420,-
Baz,GGTAAG,32425,-
Baz,GGTAAG,32687,-
Baz,GGTAAG,33301,-
Baz,GGTAAG,33847,-
Baz,GGTAAG,34320,-
Baz,GGTAAG,35430,-
Baz,GGTAAG,36120,-
Baz,GGTAAG,36573,-
Baz,GGTAAG,37222,-
Baz,GGTAAG,37404,-
Baz,GGTAAG,38980,-
Baz,GGTAAG,39124,-
Baz,GGTAAG,49688,-
Baz,GGTAAG,54531,-
Baz,GGTAAG,59335,-
Baz,GGTAAG,60693,-
Baz,GGTAAG,60846,-
Baz,GGTAAG,60913,-
Baz,GGTAAG,61458,-
Baz,GGTAAG,66106,-
Baz,GGTAAG,68477,-
Baz,GGTAAG,70029,-
Baz,GGTAAG,79457,-
Baz,GGTAAG,82364,-
Baz,GGTAAG,83560,-
Baz,GGTAAG,83727,-
Baz,GGTAAG,84978,-
Baz,GGTAAG,85847,-
Sip,GATCAG,1414,+
Sip,GATCAG,3970,+
Sip,GATCAG,5068,+
Sip,GATCAG,5452,+
Sip,GATCAG,6363,+
Sip,GATCAG,7093,+
Sip,GATCAG,9417,+
Sip,GATCAG,9866,+
Sip,GATCAG,11678,+
Sip,GATCAG,15438,+
Sip,GATCAG,18516,+
Sip,GATCAG,20135,+
Sip,GATCAG,20669,+
Sip,GATCAG,20686,+
Sip,GATCAG,22570,+
Sip,GATCAG,23564,+
Sip,GATCAG,25923,+
Sip,GATCAG,26310,+
Sip,GATCAG,27944,+
Sip,GATCAG,29331,+
Sip,GATCAG,29904,+
Sip,GATCAG,33785,+
Sip,GATCAG,36538,+
Sip,GATCAG,39316,+
Sip,GATCAG,41338,+
Sip,GATCAG,42396,+
Sip,GATCAG,43579,+
Sip,GATCAG,47988,+
Sip,GATCAG,48972,+
Sip,GATCAG,50384,+
Sip,GATCAG,430,-
Sip,GATCAG,3968,-
Sip,GATCAG,4021,-
Sip,GATCAG,8990,-
Sip,GATCAG,14292,-
Sip,GATCAG,18195,-
Sip,GATCAG,19448,-
Sip,GATCAG,27361,-
Sip,GATCAG,28047,-
Sip,GATCAG,28717,-
Sip,GATCAG,28901,-
Sip,GATCAG,28999,-
Sip,GATCAG,31130,-
Sip,GATCAG,40393,-
Sip,GATCAG,46116,-
Sip,GATCAG,46164,-
Sip,GATCAG,50297,-
Sip,GATCAG,50597,-
Sip,GCTAAT,6770,+
Sip,GCTAAT,9952,+
Sip,GCTAAT,17916,+
Sip,GCTAAT,18579,+
Sip,GCTAAT,18770,+
Sip,GCTAAT,25319,+
Sip,GCTAAT,27911,+
Sip,GCTAAT,31214,+
Sip,GCTAAT,34467,+
Sip,GCTAAT,40845,+
Sip,GCTAAT,42622,+
Sip,GCTAAT,43428,+
Sip,GCTAAT,46621,+
Sip,GCTAAT,48243,+
Sip,GCTAAT,2133,-
Sip,GCTAAT,5823,-
Sip,GCTAAT,12884,-
Sip,GCTAAT,19831,-
Sip,GCTAAT,24236,-
Sip,GCTAAT,27303,-
Sip,GCTAAT,27827,-
Sip,GCTAAT,28445,-
Sip,GCTAAT,35395,-
Sip,GCTAAT,39218,-
Sip,GGTAAG,358,+
Sip,GGTAAG,1637,+
Sip,GGTAAG,9268,+
Sip,GGTAAG,9884,+
Sip,GGTAAG,13149,+
Sip,GGTAAG,14355,+
Sip,GGTAAG,23030,+
Sip,GGTAAG,24283,+
Sip,GGTAAG,24513,+
Sip,GGTAAG,26021,+
Sip,GGTAAG,39491,+
Sip,GGTAAG,41765,+
Sip,GGTAAG,43715,+
Sip,GGTAAG,46925,+
Sip,GGTAAG,46955,+
Sip,GGTAAG,47096,+
Sip,GGTAAG,47382,+
Sip,GGTAAG,2654,-
Sip,GGTAAG,2875,-
Sip,GGTAAG,9491,-
Sip,GGTAAG,13055,-
Sip,GGTAAG,19627,-
Sip,GGTAAG,20895,-
Sip,GGTAAG,21554,-
Sip,GGTAAG,25850,-
Sip,GGTAAG,30051,-
Sip,GGTAAG,37237,-
Sip,GGTAAG,39030,-
Sip,GGTAAG,40572,-
Sip,GGTAAG,42442,-
